{"name":"BM_Backup_2022-08-19_05_45_05_S2XpEcuNGsbxVUoO.zip","date":"2022-08-19 05:45:05","files":20119,"bytes":273350849,"cron":false,"total_queries":444,"manifest":"2022-08-19 05:45:43","millis_start":1660887905.465174,"millis_end":1660887943.548003,"version":"1.2.1","domain":"letsfarm.in","dbdomain":"http:\/\/letsfarm.in","uid":1,"source_query_output":300,"config":{"ABSPATH":"\/opt\/bitnami\/wordpress\/","DB_NAME":"bitnami_wordpress","DB_USER":"bn_wordpress","DB_PASSWORD":"f4026c6e5d8b6fa74e82ff4225ab586d66a1282a05dbacd650e7c7975d0a54bf","DB_HOST":"localhost:3306","DB_CHARSET":"utf8","DB_COLLATE":"","AUTH_KEY":"+V+2{~V<qqz7{3q&hCzYu[iJ}C5Uv|mJpEb[rH)wZzI!Zf!)WJ[}luQq@q6.OfzH","SECURE_AUTH_KEY":"8LVo4 t>]: y7BR8o5Wj&nH29@N(SpWJrx^;d=R!(]iPG5+e5-20\/!ApLOw$N\/gK","LOGGED_IN_KEY":">$dFx2q8\/R#)TO?fv!hJPjYyqCGr5t(Fb}O_:W2 89d:em8zQoB]t`kqp@BRj)Q","NONCE_KEY":"|hR817OX>!9[5{kb*EM.Z$?guo<&vhQTh Q|<G2u6QsJzVN?P9$I1Iii%M^p*@qr","AUTH_SALT":"t>`8O0|y.k dH`q%Y9VQKQXap4`wH69;m\/gb1,RT\/|p@@bU_FmznPwz8|GA#WC~=","SECURE_AUTH_SALT":"$BfaU?di[lA(C&~yEQ9?&*[&BBan7VAs[skX3R6%T\/vm20-y0ArxQuYlyB~Q W0j","LOGGED_IN_SALT":"%=rH1:L9?2?5u$IH)#2st,9zsIoX_%[K6>bMNZtNScTe9~a0>(da ]I4`^G`ij[F","NONCE_SALT":"^;XYQ@|q.zFl`H(b-I YvU}om0xCcjIB_2H*l$K\/<y{>z3?u}V&)K\/73kq|SO_0j","WP_DEBUG_LOG":false,"WP_CONTENT_URL":"http:\/\/letsfarm.in\/wp-content","WP_CONTENT_DIR":"\/opt\/bitnami\/wordpress\/wp-content\/","table_prefix":"wp_"}}